investor_id,sip_count,avg_gap_days,max_gap_days,status,last_sip_date
INV000004,6,85.4,265,at-risk,2025-05-17
INV000008,6,70.4,165,at-risk,2025-05-14
INV000010,6,64.8,139,at-risk,2025-03-01
INV000011,7,40.17,125,at-risk,2024-08-31
INV000012,8,57.0,132,at-risk,2025-04-30
INV000013,7,55.33,104,at-risk,2025-03-16
INV000014,7,75.33,128,at-risk,2025-05-20
INV000023,8,58.57,115,at-risk,2025-05-05
INV000028,6,93.6,238,at-risk,2025-05-20
INV000029,7,60.67,96,at-risk,2025-05-15
INV000030,9,47.62,100,at-risk,2025-03-06
INV000033,8,45.57,87,at-risk,2025-05-09
INV000039,6,68.6,129,at-risk,2025-04-05
INV000045,6,70.6,109,at-risk,2025-03-01
INV000048,9,46.0,168,at-risk,2025-03-30
INV000052,6,36.2,120,at-risk,2024-09-28
INV000056,6,74.8,161,at-risk,2025-01-18
INV000057,8,49.71,149,at-risk,2025-04-13
INV000069,10,49.11,129,at-risk,2025-05-01
INV000072,6,83.0,247,at-risk,2025-05-13
INV000073,9,48.25,112,at-risk,2025-04-10
INV000074,8,72.57,191,at-risk,2025-05-30
INV000075,6,74.8,102,at-risk,2025-05-10
INV000076,6,91.8,203,at-risk,2025-05-10
INV000079,6,65.8,90,at-risk,2025-04-27
INV000081,7,81.33,167,at-risk,2025-05-03
INV000082,7,83.67,351,at-risk,2025-05-25
INV000086,10,44.67,167,at-risk,2025-03-13
INV000087,6,92.8,202,at-risk,2025-05-29
INV000091,8,44.0,105,at-risk,2024-11-07
INV000093,7,55.5,91,at-risk,2024-12-28
INV000094,6,44.8,95,at-risk,2024-11-14
INV000095,6,69.4,155,at-risk,2025-04-01
INV000097,7,54.5,183,at-risk,2025-04-02
INV000101,8,65.0,197,at-risk,2025-05-08
INV000102,8,65.29,109,at-risk,2025-05-13
INV000103,6,83.4,232,at-risk,2025-03-31
INV000105,8,57.0,87,at-risk,2025-02-04
INV000109,9,46.25,63,at-risk,2025-03-05
INV000113,8,46.0,144,at-risk,2024-12-29
INV000123,7,59.67,142,at-risk,2025-03-21
INV000128,6,82.0,181,at-risk,2025-05-03
INV000131,7,56.0,123,at-risk,2025-03-07
INV000132,6,71.0,139,at-risk,2025-05-02
INV000133,6,88.2,265,at-risk,2025-05-01
INV000138,6,76.2,220,at-risk,2025-05-22
INV000145,6,89.4,282,at-risk,2025-05-09
INV000146,6,66.8,171,at-risk,2025-01-11
INV000148,9,52.0,168,at-risk,2025-05-01
INV000155,7,37.33,99,at-risk,2025-01-28
INV000161,7,73.0,213,at-risk,2025-05-06
INV000163,8,61.0,80,at-risk,2025-03-08
INV000164,6,61.8,208,at-risk,2025-02-20
INV000169,7,67.83,145,at-risk,2025-04-28
INV000173,7,57.67,165,at-risk,2025-03-30
INV000175,7,83.67,170,at-risk,2025-05-28
INV000177,8,65.43,278,at-risk,2025-04-18
INV000180,6,61.8,229,at-risk,2025-03-12
INV000183,9,56.12,216,at-risk,2025-05-14
INV000191,7,56.5,161,at-risk,2025-03-17
INV000194,7,58.0,109,at-risk,2025-05-06
INV000195,6,77.4,114,at-risk,2025-04-30
INV000196,7,69.0,176,at-risk,2025-05-05
INV000201,9,51.12,100,at-risk,2025-03-01
INV000205,8,62.57,193,at-risk,2025-04-09
INV000210,8,70.71,163,at-risk,2025-05-23
INV000214,6,94.8,306,at-risk,2025-04-29
INV000217,6,92.0,183,at-risk,2025-05-09
INV000228,9,59.75,188,at-risk,2025-05-02
INV000236,8,67.14,112,at-risk,2025-05-02
INV000238,6,93.6,287,at-risk,2025-05-21
INV000239,8,48.86,105,at-risk,2025-03-24
INV000243,6,88.2,137,at-risk,2025-04-10
INV000245,6,92.2,164,at-risk,2025-05-14
INV000249,7,45.5,162,at-risk,2025-01-07
INV000252,6,50.4,96,at-risk,2024-10-03
INV000255,6,48.6,103,at-risk,2024-11-03
INV000256,6,70.2,155,at-risk,2025-02-16
INV000259,6,70.6,165,at-risk,2025-01-12
INV000260,8,59.57,206,at-risk,2025-02-28
INV000262,8,53.57,122,at-risk,2025-04-28
INV000263,8,68.43,271,at-risk,2025-05-04
INV000265,10,53.44,140,at-risk,2025-05-20
INV000268,7,62.33,143,at-risk,2025-01-30
INV000279,9,43.38,133,at-risk,2025-02-11
INV000280,9,55.75,191,at-risk,2025-04-12
INV000283,6,68.0,195,at-risk,2025-01-16
INV000287,7,69.83,301,at-risk,2025-03-11
INV000289,8,62.71,142,at-risk,2025-04-04
INV000291,6,89.0,196,at-risk,2025-05-03
INV000292,7,46.0,95,at-risk,2025-02-13
INV000293,7,47.0,91,at-risk,2024-10-17
INV000297,6,90.6,163,at-risk,2025-04-29
INV000299,6,85.2,240,at-risk,2025-05-22
INV000304,7,70.0,204,at-risk,2025-03-27
INV000309,8,52.0,157,at-risk,2025-01-06
INV000310,7,75.83,164,at-risk,2025-05-25
INV000318,6,97.4,175,at-risk,2025-05-30
INV000319,7,73.5,201,at-risk,2025-05-03
INV000321,7,72.83,204,at-risk,2025-03-15
INV000328,9,37.5,73,at-risk,2025-01-03
INV000331,8,50.71,163,at-risk,2025-01-12
INV000334,7,25.5,60,active,2024-12-06
INV000335,6,96.0,279,at-risk,2025-05-19
INV000339,6,94.0,195,at-risk,2025-05-30
INV000341,8,54.43,191,at-risk,2025-03-05
INV000356,6,54.4,157,at-risk,2025-03-12
INV000359,9,54.12,197,at-risk,2025-04-27
INV000363,7,77.0,153,at-risk,2025-05-19
INV000369,6,43.8,112,at-risk,2024-10-11
INV000371,8,59.29,147,at-risk,2025-03-08
INV000372,7,54.5,121,at-risk,2025-01-24
INV000380,6,97.0,272,at-risk,2025-05-17
INV000388,9,53.62,119,at-risk,2025-05-01
INV000392,7,77.17,205,at-risk,2025-05-18
INV000395,7,55.67,119,at-risk,2025-03-13
INV000396,6,83.2,153,at-risk,2025-03-15
INV000399,10,49.56,68,at-risk,2025-03-29
INV000400,6,62.6,101,at-risk,2025-03-10
INV000403,6,58.2,90,at-risk,2025-03-17
INV000407,6,82.4,157,at-risk,2025-03-21
INV000408,6,46.8,125,at-risk,2024-12-05
INV000412,8,43.71,70,at-risk,2025-05-08
INV000414,8,66.29,233,at-risk,2025-04-20
INV000415,7,66.17,128,at-risk,2025-05-01
INV000418,6,86.8,238,at-risk,2025-03-25
INV000427,7,68.5,116,at-risk,2025-03-21
INV000428,8,52.14,164,at-risk,2024-12-31
INV000429,6,77.2,187,at-risk,2025-02-11
INV000437,6,97.8,295,at-risk,2025-05-04
INV000440,8,69.57,162,at-risk,2025-05-18
INV000441,6,60.8,151,at-risk,2025-04-28
INV000444,6,73.2,129,at-risk,2025-04-27
INV000445,9,57.75,129,at-risk,2025-04-30
INV000446,6,38.6,101,at-risk,2024-08-24
INV000449,6,46.8,70,at-risk,2025-02-02
INV000452,9,49.38,123,at-risk,2025-04-08
INV000457,6,91.4,256,at-risk,2025-05-27
INV000460,6,43.4,107,at-risk,2024-10-05
INV000463,7,65.17,181,at-risk,2025-02-03
INV000466,7,73.33,135,at-risk,2025-04-10
INV000467,10,56.67,272,at-risk,2025-05-25
INV000469,7,70.5,183,at-risk,2025-05-27
INV000483,8,70.43,252,at-risk,2025-05-25
INV000491,6,95.0,202,at-risk,2025-05-22
INV000493,10,47.56,201,at-risk,2025-05-03
INV000497,7,71.83,191,at-risk,2025-05-28
INV000499,7,77.83,157,at-risk,2025-05-09
INV000507,7,70.17,249,at-risk,2025-04-23
INV000512,9,54.75,112,at-risk,2025-05-01
INV000522,6,100.8,309,at-risk,2025-05-30
INV000524,7,55.0,91,at-risk,2025-05-15
INV000527,6,50.8,116,at-risk,2025-05-19
INV000529,6,59.2,110,at-risk,2025-03-31
INV000531,7,47.0,82,at-risk,2025-04-27
INV000539,7,77.0,153,at-risk,2025-05-02
INV000540,7,73.5,123,at-risk,2025-05-05
INV000543,7,83.67,218,at-risk,2025-05-27
INV000545,6,80.6,181,at-risk,2025-05-04
INV000546,9,55.0,154,at-risk,2025-03-29
INV000547,6,55.8,140,at-risk,2024-12-19
INV000549,6,96.2,146,at-risk,2025-05-14
INV000553,6,72.0,172,at-risk,2025-04-17
INV000554,6,70.2,171,at-risk,2025-02-03
INV000556,8,52.43,156,at-risk,2025-03-09
INV000562,6,74.4,197,at-risk,2025-03-15
INV000563,7,76.33,198,at-risk,2025-05-16
INV000566,7,35.0,119,active,2025-03-22
INV000567,6,63.8,166,at-risk,2025-03-29
INV000568,6,62.4,180,at-risk,2025-01-19
INV000570,8,67.29,186,at-risk,2025-05-28
INV000573,7,50.83,154,at-risk,2024-11-27
INV000575,6,71.6,155,at-risk,2025-03-10
INV000578,7,66.83,164,at-risk,2025-05-27
INV000581,7,78.33,160,at-risk,2025-05-14
INV000586,7,44.5,111,at-risk,2024-10-16
INV000589,9,59.12,90,at-risk,2025-05-19
INV000591,7,64.5,112,at-risk,2025-05-07
INV000593,6,74.2,179,at-risk,2025-04-02
INV000596,9,51.75,140,at-risk,2025-03-21
INV000597,6,88.6,198,at-risk,2025-04-21
INV000599,7,81.5,171,at-risk,2025-05-16
INV000607,7,66.67,209,at-risk,2025-02-17
INV000608,6,100.2,324,at-risk,2025-05-24
INV000609,6,47.0,87,at-risk,2024-08-23
INV000612,11,49.3,169,at-risk,2025-05-23
INV000615,7,55.83,139,at-risk,2025-02-13
INV000624,7,31.67,53,active,2024-08-08
INV000625,6,86.4,134,at-risk,2025-05-28
INV000630,7,68.67,161,at-risk,2025-03-18
INV000631,6,54.0,145,at-risk,2024-12-01
INV000634,9,52.25,147,at-risk,2025-03-15
INV000635,6,75.0,240,at-risk,2025-03-23
INV000641,6,54.8,126,at-risk,2025-05-04
INV000642,9,53.5,139,at-risk,2025-05-21
INV000645,6,66.0,127,at-risk,2025-01-07
INV000646,7,62.33,138,at-risk,2025-05-26
INV000651,6,94.0,304,at-risk,2025-05-04
INV000652,6,93.8,262,at-risk,2025-05-23
INV000657,8,64.71,106,at-risk,2025-04-25
INV000662,8,66.14,185,at-risk,2025-04-09
INV000663,6,94.4,247,at-risk,2025-04-20
INV000665,10,36.22,148,at-risk,2025-04-13
INV000667,6,68.0,134,at-risk,2025-04-26
INV000673,6,92.8,235,at-risk,2025-04-21
INV000675,6,62.8,155,at-risk,2025-04-19
INV000676,11,35.3,106,at-risk,2025-04-28
INV000678,7,63.33,140,at-risk,2025-04-27
INV000683,9,54.5,137,at-risk,2025-03-19
INV000690,8,56.29,134,at-risk,2025-05-22
INV000691,6,66.4,163,at-risk,2024-12-24
INV000698,9,52.25,219,at-risk,2025-04-13
INV000699,6,42.8,147,at-risk,2024-10-27
INV000701,7,83.67,298,at-risk,2025-05-29
INV000707,9,34.38,106,active,2025-05-09
INV000709,7,65.17,128,at-risk,2025-03-04
INV000710,6,88.6,264,at-risk,2025-05-15
INV000714,9,37.0,95,at-risk,2025-03-30
INV000718,7,57.83,118,at-risk,2024-12-28
INV000719,7,72.83,185,at-risk,2025-05-11
INV000724,6,81.2,227,at-risk,2025-05-22
INV000725,7,67.67,92,at-risk,2025-04-24
INV000734,8,64.0,180,at-risk,2025-05-15
INV000737,6,92.6,168,at-risk,2025-05-08
INV000747,6,84.6,205,at-risk,2025-03-23
INV000750,9,26.5,84,active,2025-03-03
INV000751,9,53.0,193,at-risk,2025-05-27
INV000754,7,72.33,103,at-risk,2025-05-10
INV000759,7,83.0,156,at-risk,2025-05-20
INV000761,7,75.17,173,at-risk,2025-05-22
INV000768,8,60.0,124,at-risk,2025-03-12
INV000772,6,46.0,81,at-risk,2025-01-31
INV000774,7,73.67,169,at-risk,2025-05-03
INV000776,8,59.43,116,at-risk,2025-04-27
INV000777,6,66.0,121,at-risk,2025-01-29
INV000778,8,59.71,182,at-risk,2025-05-14
INV000779,6,75.0,153,at-risk,2025-03-31
INV000783,6,89.8,187,at-risk,2025-05-08
INV000785,6,32.6,66,active,2025-03-22
INV000786,9,64.12,199,at-risk,2025-05-28
INV000789,8,55.14,225,at-risk,2025-03-21
INV000793,8,69.14,149,at-risk,2025-05-12
INV000803,7,77.17,147,at-risk,2025-04-11
INV000814,6,94.0,195,at-risk,2025-04-29
INV000822,7,55.5,141,at-risk,2024-12-31
INV000823,7,39.67,69,at-risk,2024-10-16
INV000827,8,58.29,122,at-risk,2025-05-18
INV000830,6,72.2,165,at-risk,2025-04-17
INV000833,8,67.29,182,at-risk,2025-04-23
INV000836,6,84.8,123,at-risk,2025-02-28
INV000843,6,55.6,102,at-risk,2025-02-03
INV000844,7,66.17,151,at-risk,2025-03-12
INV000847,6,47.8,75,at-risk,2025-01-22
INV000853,10,49.33,193,at-risk,2025-04-10
INV000854,9,61.25,170,at-risk,2025-05-09
INV000858,9,44.88,157,at-risk,2025-04-21
INV000862,6,91.2,372,at-risk,2025-05-14
INV000864,6,40.8,106,at-risk,2024-08-07
INV000865,9,45.75,99,at-risk,2025-04-16
INV000869,6,65.4,100,at-risk,2025-01-19
INV000873,7,73.5,299,at-risk,2025-04-25
INV000874,9,62.12,149,at-risk,2025-05-15
INV000877,6,59.4,159,at-risk,2025-04-14
INV000881,10,46.11,155,at-risk,2025-02-28
INV000887,7,65.67,268,at-risk,2025-02-25
INV000888,7,80.33,166,at-risk,2025-05-23
INV000893,7,59.5,147,at-risk,2025-01-27
INV000894,6,55.0,105,at-risk,2025-04-27
INV000901,6,54.0,95,at-risk,2025-02-17
INV000907,6,59.2,139,at-risk,2025-01-29
INV000920,6,75.6,220,at-risk,2025-02-12
INV000926,6,80.0,111,at-risk,2025-02-08
INV000929,7,58.17,116,at-risk,2025-03-12
INV000930,8,32.43,118,active,2025-03-03
INV000935,9,30.88,73,active,2024-10-16
INV000939,8,60.57,154,at-risk,2025-04-22
INV000942,7,53.0,92,at-risk,2025-01-21
INV000949,7,67.5,135,at-risk,2025-05-13
INV000950,6,91.0,215,at-risk,2025-05-26
INV000971,7,46.83,139,at-risk,2025-05-16
INV000974,7,73.5,143,at-risk,2025-03-22
INV000977,10,48.78,147,at-risk,2025-03-27
INV000979,6,79.8,115,at-risk,2025-05-12
INV000980,8,44.43,121,at-risk,2025-03-03
INV000981,6,50.4,104,at-risk,2025-05-21
INV000986,7,60.83,182,at-risk,2025-02-27
INV000994,6,63.8,167,at-risk,2025-01-04
INV001001,8,60.29,137,at-risk,2025-04-12
INV001002,7,41.67,85,at-risk,2024-12-07
INV001005,6,93.6,206,at-risk,2025-05-20
INV001008,7,64.67,191,at-risk,2025-03-10
INV001013,6,96.8,164,at-risk,2025-05-07
INV001017,6,67.0,142,at-risk,2025-02-16
INV001019,9,44.88,180,at-risk,2025-02-12
INV001021,7,68.67,186,at-risk,2025-02-23
INV001023,8,72.43,202,at-risk,2025-05-22
INV001025,6,38.8,76,at-risk,2025-01-29
INV001026,6,69.4,132,at-risk,2025-01-16
INV001037,10,42.0,86,at-risk,2025-03-10
INV001039,6,66.2,187,at-risk,2025-03-07
INV001041,7,83.0,195,at-risk,2025-05-13
INV001047,7,66.17,142,at-risk,2025-05-26
INV001048,8,47.0,84,at-risk,2025-02-11
INV001051,8,54.14,139,at-risk,2025-04-16
INV001053,8,55.86,116,at-risk,2025-03-15
INV001055,6,93.2,177,at-risk,2025-04-24
INV001060,9,53.38,89,at-risk,2025-03-21
INV001061,9,51.12,141,at-risk,2025-04-03
INV001063,8,43.29,120,at-risk,2024-12-16
INV001064,9,59.5,160,at-risk,2025-04-29
INV001069,8,41.29,98,at-risk,2025-03-18
INV001070,6,97.0,329,at-risk,2025-05-04
INV001092,7,77.33,186,at-risk,2025-05-13
INV001099,8,26.14,63,active,2025-01-27
INV001102,7,55.33,87,at-risk,2025-01-03
INV001115,6,81.4,290,at-risk,2025-04-18
INV001116,9,58.12,194,at-risk,2025-05-27
INV001117,8,61.71,137,at-risk,2025-04-30
INV001130,7,76.83,131,at-risk,2025-05-14
INV001137,7,57.0,120,at-risk,2025-02-05
INV001140,6,60.4,125,at-risk,2025-02-25
INV001141,6,97.6,132,at-risk,2025-05-29
INV001142,7,42.83,106,at-risk,2025-01-09
INV001156,6,102.4,175,at-risk,2025-05-28
INV001160,8,57.57,99,at-risk,2025-05-10
INV001161,6,80.6,159,at-risk,2025-03-01
INV001163,7,67.33,255,at-risk,2025-03-09
INV001167,6,96.2,207,at-risk,2025-04-28
INV001170,6,68.2,119,at-risk,2025-02-07
INV001173,6,67.0,146,at-risk,2025-04-28
INV001178,7,79.67,140,at-risk,2025-05-23
INV001180,6,74.4,198,at-risk,2025-04-06
INV001181,8,67.43,163,at-risk,2025-05-29
INV001190,6,97.0,198,at-risk,2025-05-03
INV001195,8,53.43,167,at-risk,2025-03-25
INV001196,6,92.2,169,at-risk,2025-05-26
INV001202,8,58.0,103,at-risk,2025-05-20
INV001206,6,83.6,190,at-risk,2025-05-28
INV001208,7,51.83,107,at-risk,2025-01-18
INV001210,9,36.88,93,at-risk,2024-12-24
INV001217,8,60.14,205,at-risk,2025-04-25
INV001219,8,50.86,118,at-risk,2025-02-23
INV001220,7,77.17,104,at-risk,2025-04-15
INV001223,7,70.83,175,at-risk,2025-03-27
INV001234,8,60.57,119,at-risk,2025-03-26
INV001235,9,59.0,161,at-risk,2025-05-20
INV001237,6,98.0,182,at-risk,2025-05-22
INV001238,7,68.5,220,at-risk,2025-05-12
INV001242,6,69.8,128,at-risk,2025-01-02
INV001251,6,82.0,223,at-risk,2025-03-27
INV001262,7,44.83,116,at-risk,2025-04-01
INV001274,7,73.33,161,at-risk,2025-05-20
INV001275,7,66.67,140,at-risk,2025-03-17
INV001282,6,67.0,196,at-risk,2025-05-19
INV001287,6,92.2,157,at-risk,2025-04-14
INV001288,7,45.67,148,at-risk,2025-01-07
INV001291,6,76.2,181,at-risk,2025-04-12
INV001295,9,50.75,165,at-risk,2025-02-14
INV001298,7,71.83,158,at-risk,2025-05-19
INV001299,9,51.25,121,at-risk,2025-04-11
INV001304,6,97.6,177,at-risk,2025-05-08
INV001308,9,54.62,147,at-risk,2025-04-10
INV001310,6,81.2,232,at-risk,2025-03-15
INV001314,10,50.44,130,at-risk,2025-05-02
INV001315,7,51.83,124,at-risk,2024-12-16
INV001316,6,92.4,198,at-risk,2025-05-12
INV001317,6,84.8,162,at-risk,2025-03-23
INV001318,10,46.22,150,at-risk,2025-03-18
INV001326,8,69.43,182,at-risk,2025-05-29
INV001329,6,68.2,97,at-risk,2025-02-26
INV001331,6,94.2,202,at-risk,2025-04-19
INV001332,7,80.0,179,at-risk,2025-05-28
INV001333,7,78.67,185,at-risk,2025-04-24
INV001336,8,65.86,198,at-risk,2025-05-16
INV001348,7,47.83,121,at-risk,2024-12-19
INV001351,7,70.5,208,at-risk,2025-03-24
INV001355,6,60.2,187,at-risk,2025-03-31
INV001356,6,79.2,191,at-risk,2025-04-05
INV001359,7,72.5,313,at-risk,2025-05-19
INV001361,7,50.5,103,at-risk,2024-11-26
INV001367,6,99.0,222,at-risk,2025-05-12
INV001375,7,78.5,176,at-risk,2025-05-20
INV001376,7,78.67,181,at-risk,2025-05-01
INV001383,8,56.14,117,at-risk,2025-03-25
INV001387,9,57.25,130,at-risk,2025-05-04
INV001394,8,63.57,171,at-risk,2025-04-26
INV001400,6,76.8,266,at-risk,2025-01-19
INV001401,6,68.6,197,at-risk,2025-03-24
INV001406,10,47.67,202,at-risk,2025-05-15
INV001407,6,45.2,141,at-risk,2024-08-21
INV001415,8,68.14,173,at-risk,2025-05-08
INV001418,6,88.6,187,at-risk,2025-04-18
INV001419,6,85.8,137,at-risk,2025-03-15
INV001423,8,48.57,105,at-risk,2025-01-08
INV001428,6,79.4,174,at-risk,2025-05-19
INV001432,6,71.4,175,at-risk,2025-02-05
INV001434,6,80.6,178,at-risk,2025-05-17
INV001442,9,57.12,238,at-risk,2025-05-23
INV001454,7,73.0,176,at-risk,2025-03-16
INV001455,8,64.71,153,at-risk,2025-04-07
INV001457,6,43.8,63,at-risk,2024-08-27
INV001458,7,59.83,101,at-risk,2025-01-25
INV001466,6,44.6,82,at-risk,2024-10-05
INV001472,6,79.0,141,at-risk,2025-02-08
INV001482,6,80.6,280,at-risk,2025-05-18
INV001485,9,55.0,150,at-risk,2025-04-20
INV001491,6,98.8,260,at-risk,2025-05-15
INV001497,9,63.0,138,at-risk,2025-05-19
INV001504,9,54.25,134,at-risk,2025-05-29
INV001507,6,86.2,167,at-risk,2025-04-07
INV001510,7,66.83,124,at-risk,2025-04-10
INV001514,7,51.83,72,at-risk,2025-01-03
INV001516,6,56.8,85,at-risk,2025-05-11
INV001526,6,50.4,134,at-risk,2024-10-26
INV001530,7,64.67,122,at-risk,2025-02-05
INV001532,7,56.83,101,at-risk,2025-02-11
INV001536,7,69.0,189,at-risk,2025-02-21
INV001545,6,92.8,208,at-risk,2025-05-07
INV001547,7,72.17,119,at-risk,2025-05-06
INV001548,6,80.6,197,at-risk,2025-04-27
INV001550,7,79.0,191,at-risk,2025-05-20
INV001551,6,61.8,131,at-risk,2025-05-06
INV001562,10,44.22,146,at-risk,2025-04-03
INV001564,8,55.71,157,at-risk,2025-04-17
INV001569,6,83.4,314,at-risk,2025-04-24
INV001579,7,75.0,193,at-risk,2025-03-29
INV001580,7,45.67,119,at-risk,2025-04-23
INV001585,6,56.6,182,at-risk,2025-01-20
INV001587,7,65.0,144,at-risk,2025-05-05
INV001597,7,56.0,165,at-risk,2025-05-21
INV001599,6,58.2,133,at-risk,2024-11-01
INV001602,6,93.8,294,at-risk,2025-04-20
INV001603,7,54.5,93,at-risk,2024-12-29
INV001605,8,60.57,136,at-risk,2025-03-07
INV001606,7,67.67,148,at-risk,2025-05-19
INV001616,9,53.0,117,at-risk,2025-03-28
INV001623,6,92.0,188,at-risk,2025-05-01
INV001625,6,72.0,209,at-risk,2025-02-10
INV001628,8,51.71,139,at-risk,2025-05-24
INV001629,7,67.5,82,at-risk,2025-05-07
INV001631,6,57.0,101,at-risk,2025-04-15
INV001636,9,48.88,159,at-risk,2025-01-30
INV001641,6,88.4,168,at-risk,2025-04-05
INV001644,6,65.6,89,at-risk,2025-03-28
INV001645,6,67.6,202,at-risk,2025-02-16
INV001649,10,51.67,120,at-risk,2025-05-17
INV001651,7,78.67,130,at-risk,2025-04-21
INV001653,6,55.2,94,at-risk,2024-11-20
INV001654,7,56.0,137,at-risk,2025-01-18
INV001656,8,59.86,246,at-risk,2025-04-12
INV001662,6,60.2,147,at-risk,2024-11-18
INV001672,9,34.0,130,active,2024-12-27
INV001673,11,49.3,181,at-risk,2025-05-18
INV001680,9,58.88,200,at-risk,2025-04-25
INV001683,7,72.5,186,at-risk,2025-05-17
INV001689,6,83.6,153,at-risk,2025-05-17
INV001690,7,81.17,114,at-risk,2025-05-15
INV001691,6,82.0,254,at-risk,2025-04-29
INV001694,8,66.14,144,at-risk,2025-05-13
INV001697,9,62.5,287,at-risk,2025-05-22
INV001699,6,83.2,183,at-risk,2025-02-21
INV001709,6,51.8,84,at-risk,2024-09-25
INV001711,7,65.83,189,at-risk,2025-04-12
INV001712,6,66.6,144,at-risk,2025-02-25
INV001715,8,68.29,188,at-risk,2025-05-23
INV001718,6,84.0,237,at-risk,2025-04-04
INV001724,7,69.67,134,at-risk,2025-04-11
INV001728,8,50.57,131,at-risk,2025-01-03
INV001737,7,56.83,191,at-risk,2025-01-14
INV001738,9,47.5,153,at-risk,2025-03-10
INV001739,9,52.5,96,at-risk,2025-04-23
INV001741,6,89.4,260,at-risk,2025-05-06
INV001744,7,78.5,155,at-risk,2025-04-26
INV001752,7,69.33,170,at-risk,2025-04-16
INV001753,11,42.8,128,at-risk,2025-05-09
INV001757,8,55.57,121,at-risk,2025-04-25
INV001759,10,49.56,126,at-risk,2025-05-08
INV001769,6,98.0,166,at-risk,2025-05-07
INV001772,6,95.0,184,at-risk,2025-05-10
INV001775,8,29.14,65,active,2025-05-04
INV001777,9,57.62,156,at-risk,2025-05-02
INV001778,8,63.57,283,at-risk,2025-03-30
INV001797,7,79.67,132,at-risk,2025-05-30
INV001800,7,49.67,132,at-risk,2024-11-08
INV001802,7,61.67,151,at-risk,2025-05-07
INV001803,6,59.0,127,at-risk,2025-03-16
INV001804,8,55.86,126,at-risk,2025-03-03
INV001806,8,60.0,209,at-risk,2025-02-27
INV001809,6,95.6,249,at-risk,2025-05-13
INV001811,9,54.25,196,at-risk,2025-05-12
INV001822,6,19.8,43,active,2024-06-23
INV001823,8,58.14,172,at-risk,2025-03-07
INV001826,6,51.2,128,at-risk,2024-11-07
INV001828,8,44.43,91,at-risk,2024-11-29
INV001831,6,72.8,181,at-risk,2025-03-02
INV001837,7,62.83,157,at-risk,2025-03-27
INV001841,6,56.2,129,at-risk,2025-03-29
INV001853,8,47.43,95,at-risk,2025-01-17
INV001858,8,55.14,261,at-risk,2025-04-26
INV001865,7,63.5,145,at-risk,2025-01-26
INV001866,6,58.8,117,at-risk,2024-12-17
INV001870,7,76.0,164,at-risk,2025-04-06
INV001871,7,55.0,101,at-risk,2024-12-21
INV001883,6,99.2,203,at-risk,2025-05-26
INV001885,6,71.2,128,at-risk,2025-02-24
INV001886,9,50.75,129,at-risk,2025-04-27
INV001890,6,102.6,207,at-risk,2025-05-29
INV001891,6,96.4,261,at-risk,2025-05-30
INV001909,8,62.14,121,at-risk,2025-05-01
INV001912,6,86.4,256,at-risk,2025-03-23
INV001920,7,39.0,76,at-risk,2025-04-24
INV001921,8,68.57,225,at-risk,2025-05-22
INV001923,7,80.67,106,at-risk,2025-05-04
INV001924,7,59.17,119,at-risk,2024-12-26
INV001927,6,58.8,91,at-risk,2025-03-12
INV001929,6,66.2,242,at-risk,2025-05-23
INV001937,8,60.43,253,at-risk,2025-05-27
INV001938,9,43.0,112,at-risk,2025-04-01
INV001943,6,74.4,171,at-risk,2025-03-04
INV001950,7,60.17,134,at-risk,2025-05-20
INV001951,7,58.83,124,at-risk,2025-04-14
INV001954,6,86.8,273,at-risk,2025-04-15
INV001955,6,76.0,199,at-risk,2025-03-01
INV001961,6,83.4,234,at-risk,2025-02-27
INV001969,6,79.2,163,at-risk,2025-02-14
INV001971,8,54.71,87,at-risk,2025-04-29
INV001972,8,42.43,153,at-risk,2024-11-06
INV001978,6,83.2,112,at-risk,2025-05-04
INV001979,6,55.4,100,at-risk,2025-05-01
INV001982,6,85.8,289,at-risk,2025-05-21
INV001986,7,47.67,98,at-risk,2025-04-15
INV001987,7,67.0,241,at-risk,2025-05-15
INV001990,8,45.29,91,at-risk,2025-04-30
INV001993,6,56.6,147,at-risk,2024-11-24
INV001995,6,48.6,94,at-risk,2024-10-18
INV001997,6,88.6,168,at-risk,2025-03-22
INV002001,6,84.8,335,at-risk,2025-05-15
INV002006,6,73.6,157,at-risk,2025-03-22
INV002010,6,74.6,103,at-risk,2025-01-18
INV002017,7,44.67,99,at-risk,2025-01-16
INV002018,6,63.6,106,at-risk,2025-02-05
INV002019,6,68.8,117,at-risk,2025-05-12
INV002025,7,55.83,92,at-risk,2025-04-24
INV002033,7,55.0,123,at-risk,2024-11-29
INV002034,8,69.0,166,at-risk,2025-05-03
INV002037,6,33.2,61,active,2024-08-17
INV002038,6,84.0,202,at-risk,2025-03-11
INV002051,6,78.6,159,at-risk,2025-04-27
INV002052,7,44.17,114,at-risk,2024-10-30
INV002069,10,47.56,95,at-risk,2025-03-12
INV002070,7,81.33,118,at-risk,2025-05-12
INV002083,10,51.67,193,at-risk,2025-05-13
INV002085,6,65.0,220,at-risk,2025-01-19
INV002090,6,90.2,231,at-risk,2025-05-07
INV002092,7,33.5,54,active,2024-12-07
INV002101,6,80.2,248,at-risk,2025-02-13
INV002102,6,44.8,63,at-risk,2025-01-26
INV002107,8,71.14,298,at-risk,2025-05-21
INV002111,8,62.43,123,at-risk,2025-04-05
INV002119,6,78.0,195,at-risk,2025-04-23
INV002121,7,68.5,197,at-risk,2025-05-21
INV002122,7,40.33,97,at-risk,2025-05-26
INV002127,6,60.2,113,at-risk,2025-03-15
INV002134,7,82.67,180,at-risk,2025-05-30
INV002138,6,91.8,189,at-risk,2025-04-25
INV002142,9,45.5,162,at-risk,2025-04-30
INV002143,8,63.57,148,at-risk,2025-04-04
INV002149,8,42.29,215,at-risk,2025-02-23
INV002150,6,73.6,216,at-risk,2025-03-17
INV002151,9,60.38,201,at-risk,2025-05-13
INV002153,7,67.83,194,at-risk,2025-05-03
INV002154,6,89.4,175,at-risk,2025-04-17
INV002155,6,78.0,190,at-risk,2025-04-27
INV002157,7,58.5,142,at-risk,2025-01-19
INV002159,6,65.0,104,at-risk,2025-05-09
INV002162,9,58.38,198,at-risk,2025-05-16
INV002166,6,99.2,248,at-risk,2025-05-11
INV002171,7,55.83,150,at-risk,2025-02-06
INV002177,7,73.0,330,at-risk,2025-05-28
INV002178,8,66.43,236,at-risk,2025-05-20
INV002179,8,54.14,171,at-risk,2025-02-23
INV002182,7,70.5,148,at-risk,2025-04-17
INV002185,6,48.4,92,at-risk,2024-11-13
INV002186,7,74.83,167,at-risk,2025-04-29
INV002187,7,67.83,221,at-risk,2025-05-14
INV002195,9,49.25,154,at-risk,2025-04-03
INV002196,8,62.14,115,at-risk,2025-03-12
INV002198,9,43.0,93,at-risk,2025-04-17
INV002199,7,50.83,94,at-risk,2024-12-15
INV002202,8,70.43,276,at-risk,2025-05-20
INV002206,7,49.0,141,at-risk,2024-12-12
INV002208,7,71.33,142,at-risk,2025-04-03
INV002211,7,63.83,109,at-risk,2025-04-15
INV002216,8,61.71,172,at-risk,2025-05-07
INV002218,6,67.8,181,at-risk,2025-03-05
INV002219,8,70.86,166,at-risk,2025-05-14
INV002228,6,68.6,109,at-risk,2025-02-01
INV002229,6,64.6,101,at-risk,2025-03-08
INV002230,8,57.57,171,at-risk,2025-04-25
INV002232,7,69.17,174,at-risk,2025-02-26
INV002236,7,73.67,119,at-risk,2025-04-02
INV002237,7,51.67,142,at-risk,2025-03-23
INV002240,7,77.83,266,at-risk,2025-05-14
INV002241,7,65.67,124,at-risk,2025-05-18
INV002251,6,62.6,157,at-risk,2025-05-03
INV002256,6,75.6,115,at-risk,2025-01-26
INV002259,7,45.33,89,at-risk,2025-01-24
INV002260,6,77.8,235,at-risk,2025-02-17
INV002265,7,63.17,244,at-risk,2025-05-21
INV002277,7,67.33,127,at-risk,2025-04-13
INV002280,7,71.67,182,at-risk,2025-05-19
INV002282,6,53.2,102,at-risk,2025-01-23
INV002284,6,85.0,277,at-risk,2025-04-13
INV002290,6,61.6,112,at-risk,2025-03-02
INV002294,8,48.71,163,at-risk,2025-03-08
INV002295,7,64.5,159,at-risk,2025-03-03
INV002298,6,23.2,37,active,2025-01-24
INV002304,10,42.56,104,at-risk,2025-04-15
INV002315,7,71.83,174,at-risk,2025-05-06
INV002319,7,60.0,123,at-risk,2025-01-13
INV002322,6,63.4,102,at-risk,2025-04-10
INV002327,6,76.4,215,at-risk,2025-02-12
INV002329,7,57.0,183,at-risk,2024-12-13
INV002342,6,74.2,212,at-risk,2025-04-19
INV002343,9,57.75,115,at-risk,2025-04-10
INV002347,9,40.5,79,at-risk,2025-04-30
INV002348,6,94.4,166,at-risk,2025-05-16
INV002349,6,52.2,75,at-risk,2024-12-25
INV002351,6,77.2,204,at-risk,2025-04-03
INV002357,7,68.33,240,at-risk,2025-02-16
INV002360,9,56.12,129,at-risk,2025-05-28
INV002361,6,55.4,198,at-risk,2024-10-11
INV002367,7,52.5,134,at-risk,2025-03-22
INV002368,7,61.17,215,at-risk,2025-04-08
INV002369,6,60.0,136,at-risk,2025-01-27
INV002370,7,70.17,237,at-risk,2025-05-05
INV002372,6,95.2,133,at-risk,2025-05-16
INV002373,8,70.14,154,at-risk,2025-05-24
INV002374,6,21.2,34,active,2025-02-04
INV002384,10,39.11,92,at-risk,2025-05-23
INV002388,6,33.2,84,active,2025-05-12
INV002389,10,50.78,126,at-risk,2025-05-08
INV002390,6,47.0,100,at-risk,2024-11-10
INV002391,6,40.2,124,at-risk,2024-11-22
INV002395,6,97.0,225,at-risk,2025-05-16
INV002400,9,55.38,141,at-risk,2025-03-22
INV002401,8,59.14,125,at-risk,2025-03-01
INV002402,7,47.17,89,at-risk,2025-05-27
INV002407,7,47.83,167,at-risk,2025-05-16
INV002409,8,55.57,125,at-risk,2025-05-28
INV002413,8,53.0,189,at-risk,2025-05-30
INV002415,8,57.43,110,at-risk,2025-04-20
INV002417,7,83.33,190,at-risk,2025-05-17
INV002418,6,91.6,128,at-risk,2025-05-02
INV002420,6,72.8,107,at-risk,2025-01-13
INV002422,10,50.33,139,at-risk,2025-04-22
INV002429,6,78.6,216,at-risk,2025-03-15
INV002434,6,88.2,217,at-risk,2025-03-29
INV002437,7,49.17,212,at-risk,2025-02-14
INV002445,8,38.14,117,at-risk,2024-11-17
INV002453,7,63.0,87,at-risk,2025-03-27
INV002458,6,72.4,232,at-risk,2025-04-17
INV002459,8,53.71,161,at-risk,2025-02-13
INV002463,6,95.4,236,at-risk,2025-05-29
INV002464,6,35.4,97,at-risk,2024-08-16
INV002466,7,80.67,270,at-risk,2025-05-28
INV002467,8,38.86,116,at-risk,2024-10-01
INV002471,6,56.4,98,at-risk,2024-10-15
INV002475,10,49.67,119,at-risk,2025-05-27
INV002476,6,86.0,235,at-risk,2025-03-24
INV002485,6,70.4,136,at-risk,2025-03-12
INV002490,8,70.0,125,at-risk,2025-05-13
INV002495,6,82.2,174,at-risk,2025-02-18
INV002496,6,53.0,156,at-risk,2025-05-01
INV002497,8,67.29,152,at-risk,2025-04-28
INV002508,9,51.62,171,at-risk,2025-05-24
INV002509,10,33.67,74,active,2024-12-06
INV002510,7,64.33,176,at-risk,2025-01-30
INV002521,6,74.6,206,at-risk,2025-05-05
INV002527,7,49.67,93,at-risk,2024-11-11
INV002530,8,71.43,175,at-risk,2025-05-19
INV002531,7,76.33,182,at-risk,2025-05-04
INV002543,7,74.67,116,at-risk,2025-04-28
INV002547,6,89.0,181,at-risk,2025-04-24
INV002552,10,48.22,184,at-risk,2025-03-19
INV002554,7,49.67,100,at-risk,2024-10-28
INV002555,7,72.0,172,at-risk,2025-04-06
INV002557,7,67.17,264,at-risk,2025-05-07
INV002558,6,97.6,297,at-risk,2025-05-25
INV002560,6,95.2,155,at-risk,2025-04-22
INV002563,6,65.8,114,at-risk,2024-12-21
INV002567,6,82.0,127,at-risk,2025-02-18
INV002568,8,61.57,144,at-risk,2025-05-07
INV002570,7,62.0,150,at-risk,2025-02-20
INV002572,8,55.71,108,at-risk,2025-05-19
INV002574,6,79.4,139,at-risk,2025-03-03
INV002575,9,56.12,128,at-risk,2025-05-12
INV002579,6,40.8,71,at-risk,2025-03-06
INV002582,6,77.4,173,at-risk,2025-02-22
INV002585,6,65.0,124,at-risk,2025-02-17
INV002586,6,87.2,168,at-risk,2025-05-23
INV002590,10,50.22,125,at-risk,2025-04-24
INV002591,6,52.2,139,at-risk,2025-03-07
INV002594,6,94.0,244,at-risk,2025-05-22
INV002598,9,51.38,179,at-risk,2025-04-07
INV002602,8,66.0,151,at-risk,2025-05-17
INV002606,6,89.6,248,at-risk,2025-05-24
INV002613,8,65.0,143,at-risk,2025-05-16
INV002622,7,76.67,244,at-risk,2025-05-03
INV002627,6,85.0,182,at-risk,2025-05-22
INV002628,6,77.0,322,at-risk,2025-02-20
INV002632,8,65.57,180,at-risk,2025-04-29
INV002640,7,70.0,153,at-risk,2025-03-24
INV002643,6,74.2,229,at-risk,2025-02-08
INV002645,7,45.17,133,at-risk,2024-12-12
INV002654,8,61.86,115,at-risk,2025-04-13
INV002659,7,62.33,224,at-risk,2025-03-26
INV002666,7,53.17,100,at-risk,2025-04-21
INV002671,7,77.17,163,at-risk,2025-05-18
INV002673,8,65.0,147,at-risk,2025-05-21
INV002674,6,75.8,153,at-risk,2025-02-19
INV002675,8,63.86,138,at-risk,2025-04-27
INV002681,7,83.67,161,at-risk,2025-05-29
INV002684,6,80.6,266,at-risk,2025-03-06
INV002688,9,37.0,122,at-risk,2025-04-17
INV002689,8,50.0,115,at-risk,2025-02-23
INV002693,7,45.83,72,at-risk,2025-03-08
INV002697,7,55.33,199,at-risk,2024-12-17
INV002700,7,79.83,140,at-risk,2025-05-03
INV002704,8,59.14,139,at-risk,2025-05-07
INV002705,8,22.57,70,active,2024-09-16
INV002706,6,73.6,133,at-risk,2025-03-29
INV002711,8,65.57,230,at-risk,2025-04-29
INV002712,11,46.8,174,at-risk,2025-05-19
INV002722,6,61.4,178,at-risk,2025-04-11
INV002723,9,37.75,102,at-risk,2025-05-29
INV002724,6,76.6,187,at-risk,2025-03-04
INV002726,8,45.57,84,at-risk,2025-05-03
INV002732,8,70.71,151,at-risk,2025-05-16
INV002733,8,51.57,150,at-risk,2025-05-21
INV002735,7,68.17,136,at-risk,2025-05-06
INV002736,6,70.6,323,at-risk,2025-01-04
INV002737,8,58.43,104,at-risk,2025-05-13
INV002743,6,88.2,190,at-risk,2025-05-29
INV002744,10,52.89,139,at-risk,2025-05-21
INV002746,8,68.0,206,at-risk,2025-05-04
INV002750,6,72.4,254,at-risk,2025-03-14
INV002751,7,41.5,102,at-risk,2025-01-19
INV002758,6,81.0,263,at-risk,2025-04-26
INV002761,6,80.6,312,at-risk,2025-04-08
INV002766,6,70.6,151,at-risk,2025-05-09
INV002767,7,55.33,145,at-risk,2025-05-12
INV002769,7,82.0,141,at-risk,2025-05-29
INV002772,7,74.5,168,at-risk,2025-03-31
INV002779,6,64.2,151,at-risk,2025-05-11
INV002783,7,64.0,126,at-risk,2025-05-24
INV002786,7,76.33,124,at-risk,2025-04-14
INV002793,7,59.33,125,at-risk,2025-05-21
INV002794,7,56.17,111,at-risk,2025-01-14
INV002799,6,70.8,129,at-risk,2025-01-15
INV002800,7,63.5,108,at-risk,2025-03-28
INV002803,7,64.83,176,at-risk,2025-03-11
INV002804,8,59.86,209,at-risk,2025-05-20
INV002808,7,59.67,120,at-risk,2025-04-27
INV002809,6,81.4,276,at-risk,2025-05-04
INV002810,8,32.29,139,active,2025-02-07
INV002813,7,49.0,149,at-risk,2025-02-18
INV002822,7,53.0,108,at-risk,2025-05-16
INV002824,7,71.83,223,at-risk,2025-05-01
INV002826,6,61.6,91,at-risk,2024-11-23
INV002827,6,73.6,200,at-risk,2025-02-17
INV002828,6,80.0,211,at-risk,2025-03-28
INV002831,6,40.2,72,at-risk,2024-12-15
INV002835,7,82.33,233,at-risk,2025-05-14
INV002838,8,56.71,116,at-risk,2025-04-29
INV002841,6,43.4,102,at-risk,2025-04-14
INV002843,8,43.14,128,at-risk,2025-05-16
INV002847,10,52.67,129,at-risk,2025-04-21
INV002850,7,53.17,166,at-risk,2025-02-26
INV002852,6,75.8,207,at-risk,2025-03-23
INV002859,7,76.5,198,at-risk,2025-05-19
INV002863,6,74.4,199,at-risk,2025-01-21
INV002865,6,37.2,50,at-risk,2024-10-24
INV002870,6,48.2,109,at-risk,2024-09-15
INV002872,6,85.6,199,at-risk,2025-05-21
INV002873,6,98.2,235,at-risk,2025-05-23
INV002879,7,72.17,125,at-risk,2025-05-27
INV002881,6,43.6,110,at-risk,2024-11-12
INV002883,6,96.0,176,at-risk,2025-05-12
INV002886,7,44.33,137,at-risk,2024-10-16
INV002891,8,72.71,166,at-risk,2025-05-27
INV002893,9,50.0,148,at-risk,2025-02-04
INV002900,6,64.2,136,at-risk,2025-04-06
INV002903,6,89.6,176,at-risk,2025-04-27
INV002904,7,49.33,104,at-risk,2025-04-17
INV002905,6,73.0,221,at-risk,2025-03-03
INV002906,6,41.2,74,at-risk,2025-01-15
INV002909,7,82.33,263,at-risk,2025-05-21
INV002912,6,97.0,342,at-risk,2025-05-21
INV002913,7,73.67,168,at-risk,2025-04-25
INV002915,8,49.29,117,at-risk,2025-02-10
INV002921,7,53.33,121,at-risk,2025-03-14
INV002927,8,40.29,79,at-risk,2025-05-10
INV002935,7,48.0,72,at-risk,2025-02-20
INV002937,7,67.17,184,at-risk,2025-03-24
INV002939,7,60.5,127,at-risk,2025-04-21
INV002942,9,55.5,180,at-risk,2025-04-02
INV002945,8,65.0,139,at-risk,2025-04-26
INV002947,7,64.17,152,at-risk,2025-01-24
INV002950,8,45.86,119,at-risk,2025-04-07
INV002951,7,51.83,82,at-risk,2025-01-08
INV002961,7,84.67,231,at-risk,2025-05-24
INV002974,7,51.33,105,at-risk,2025-03-17
INV002984,6,91.0,200,at-risk,2025-04-23
INV002989,6,86.6,182,at-risk,2025-04-23
INV002994,7,58.17,142,at-risk,2025-04-27
INV003000,7,67.0,137,at-risk,2025-04-19
INV003003,9,58.25,100,at-risk,2025-05-15
INV003005,8,53.14,107,at-risk,2025-03-06
INV003007,9,48.25,162,at-risk,2025-05-26
INV003009,9,38.12,84,at-risk,2025-04-17
INV003011,7,64.17,154,at-risk,2025-02-28
INV003014,6,82.4,144,at-risk,2025-05-26
INV003015,7,54.67,91,at-risk,2025-05-21
INV003018,6,49.2,156,at-risk,2024-11-14
INV003022,6,69.6,123,at-risk,2025-03-05
INV003024,6,44.2,122,at-risk,2025-05-03
INV003025,8,35.29,65,at-risk,2024-10-22
INV003028,6,91.4,183,at-risk,2025-04-03
INV003034,6,73.4,118,at-risk,2025-05-09
INV003036,8,57.71,138,at-risk,2025-05-25
INV003037,7,79.5,300,at-risk,2025-05-30
INV003040,6,74.0,194,at-risk,2025-01-10
INV003043,7,73.83,131,at-risk,2025-04-17
INV003044,7,71.17,237,at-risk,2025-04-26
INV003045,6,36.2,71,at-risk,2024-09-04
INV003047,8,70.14,215,at-risk,2025-05-25
INV003054,7,78.67,209,at-risk,2025-04-17
INV003060,7,79.0,135,at-risk,2025-04-24
INV003063,7,57.83,112,at-risk,2024-12-17
INV003070,9,54.5,132,at-risk,2025-03-17
INV003074,6,74.8,123,at-risk,2025-03-03
INV003075,8,57.43,128,at-risk,2025-02-10
INV003078,7,69.17,126,at-risk,2025-04-02
INV003082,8,46.43,142,at-risk,2025-02-04
INV003083,6,66.4,169,at-risk,2024-12-22
INV003089,6,65.0,107,at-risk,2024-12-13
INV003091,9,50.88,199,at-risk,2025-04-23
INV003095,6,86.6,175,at-risk,2025-05-10
INV003097,8,62.71,121,at-risk,2025-03-20
INV003105,7,65.5,140,at-risk,2025-03-15
INV003112,6,91.6,173,at-risk,2025-04-24
INV003113,8,66.86,159,at-risk,2025-05-02
INV003115,6,48.0,125,at-risk,2024-12-27
INV003117,8,66.57,115,at-risk,2025-05-21
INV003134,7,76.83,172,at-risk,2025-05-16
INV003139,7,55.17,133,at-risk,2025-02-15
INV003140,8,57.0,125,at-risk,2025-04-14
INV003141,7,67.5,225,at-risk,2025-03-24
INV003144,7,82.5,243,at-risk,2025-05-20
INV003146,9,59.5,283,at-risk,2025-05-22
INV003151,6,81.0,146,at-risk,2025-05-21
INV003153,7,40.67,156,at-risk,2024-10-15
INV003158,9,55.62,138,at-risk,2025-04-16
INV003161,6,77.4,118,at-risk,2025-03-31
INV003169,6,62.6,178,at-risk,2025-03-25
INV003178,6,56.4,84,at-risk,2024-11-26
INV003179,9,56.25,151,at-risk,2025-04-19
INV003185,6,65.2,116,at-risk,2025-04-15
INV003187,9,58.25,244,at-risk,2025-05-12
INV003189,9,55.12,198,at-risk,2025-04-18
INV003191,6,76.8,138,at-risk,2025-04-05
INV003193,6,96.6,294,at-risk,2025-05-02
INV003196,7,80.33,319,at-risk,2025-04-30
INV003205,7,67.67,111,at-risk,2025-04-22
INV003210,6,72.2,112,at-risk,2025-01-07
INV003211,7,69.0,104,at-risk,2025-04-08
INV003214,6,59.8,170,at-risk,2025-01-12
INV003215,7,60.83,105,at-risk,2025-01-18
INV003219,6,57.2,86,at-risk,2024-12-09
INV003221,7,61.17,99,at-risk,2025-01-18
INV003222,7,81.5,190,at-risk,2025-05-15
INV003223,8,67.71,331,at-risk,2025-05-13
INV003228,7,70.17,256,at-risk,2025-03-29
INV003230,7,67.5,251,at-risk,2025-03-30
INV003231,7,83.0,253,at-risk,2025-05-29
INV003234,6,96.6,188,at-risk,2025-05-16
INV003236,9,51.12,115,at-risk,2025-03-02
INV003242,7,61.0,159,at-risk,2025-05-06
INV003247,6,84.6,206,at-risk,2025-05-27
INV003252,6,67.6,192,at-risk,2025-04-08
INV003256,7,51.0,90,at-risk,2025-05-27
INV003257,6,61.8,139,at-risk,2025-05-30
INV003260,6,89.4,247,at-risk,2025-05-07
INV003262,6,85.2,162,at-risk,2025-03-14
INV003267,6,74.4,197,at-risk,2025-01-16
INV003271,7,61.17,157,at-risk,2025-02-10
INV003273,8,60.14,134,at-risk,2025-05-12
INV003277,8,53.71,192,at-risk,2025-05-30
INV003279,9,63.38,147,at-risk,2025-05-28
INV003289,7,64.83,183,at-risk,2025-03-10
INV003300,6,64.8,219,at-risk,2025-03-15
INV003301,9,59.38,113,at-risk,2025-05-14
INV003304,10,44.22,180,at-risk,2025-02-15
INV003308,9,56.75,141,at-risk,2025-05-18
INV003310,6,80.8,154,at-risk,2025-04-05
INV003311,9,48.0,149,at-risk,2025-04-28
INV003314,7,73.5,210,at-risk,2025-05-01
INV003317,8,44.14,71,at-risk,2025-02-05
INV003320,8,45.29,192,at-risk,2025-02-17
INV003325,6,101.0,155,at-risk,2025-05-26
INV003329,6,89.0,230,at-risk,2025-04-06
INV003336,7,72.33,133,at-risk,2025-05-03
INV003338,9,37.5,155,at-risk,2025-03-17
INV003344,6,86.6,190,at-risk,2025-04-18
INV003350,6,92.4,191,at-risk,2025-05-21
INV003351,6,54.0,86,at-risk,2025-04-11
INV003352,8,68.14,279,at-risk,2025-05-02
INV003357,6,62.4,100,at-risk,2025-03-25
INV003360,8,59.43,163,at-risk,2025-05-04
INV003370,7,63.33,206,at-risk,2025-03-28
INV003372,6,59.4,118,at-risk,2024-12-26
INV003374,7,56.5,128,at-risk,2025-05-16
INV003375,8,52.71,158,at-risk,2025-05-04
INV003376,6,85.8,199,at-risk,2025-05-24
INV003379,7,75.17,268,at-risk,2025-03-29
INV003380,6,72.4,155,at-risk,2025-02-27
INV003382,6,34.2,85,active,2024-12-31
INV003391,6,56.6,193,at-risk,2025-03-16
INV003393,8,63.71,178,at-risk,2025-05-22
INV003395,6,79.0,192,at-risk,2025-04-07
INV003398,8,55.43,140,at-risk,2025-03-21
INV003403,6,56.6,116,at-risk,2024-11-10
INV003404,8,50.29,198,at-risk,2025-02-16
INV003405,8,41.0,186,at-risk,2025-04-15
INV003406,8,59.0,251,at-risk,2025-03-21
INV003407,8,57.43,146,at-risk,2025-04-09
INV003422,7,84.67,167,at-risk,2025-05-29
INV003424,7,73.17,124,at-risk,2025-04-30
INV003427,6,84.2,266,at-risk,2025-04-01
INV003430,6,73.4,104,at-risk,2025-05-29
INV003431,6,51.4,152,at-risk,2025-03-15
INV003432,7,61.33,97,at-risk,2025-02-18
INV003435,7,73.83,140,at-risk,2025-05-01
INV003437,6,91.2,226,at-risk,2025-05-07
INV003448,7,74.5,200,at-risk,2025-04-26
INV003450,10,47.67,158,at-risk,2025-05-03
INV003455,7,35.5,76,at-risk,2024-12-16
INV003457,7,60.5,117,at-risk,2025-04-11
INV003458,8,67.86,206,at-risk,2025-05-26
INV003459,6,59.4,113,at-risk,2025-05-01
INV003473,6,95.8,213,at-risk,2025-05-01
INV003475,9,56.0,155,at-risk,2025-04-06
INV003478,9,56.62,195,at-risk,2025-04-24
INV003479,8,65.71,164,at-risk,2025-05-13
INV003480,6,82.4,211,at-risk,2025-03-05
INV003484,6,73.8,333,at-risk,2025-02-13
INV003487,6,70.6,155,at-risk,2025-02-16
INV003491,9,59.12,119,at-risk,2025-05-30
INV003492,6,90.8,162,at-risk,2025-05-09
INV003495,10,49.22,121,at-risk,2025-04-21
INV003506,7,67.0,132,at-risk,2025-05-25
INV003509,9,60.88,149,at-risk,2025-05-21
INV003511,8,65.57,183,at-risk,2025-04-22
INV003514,6,74.2,172,at-risk,2025-03-15
INV003518,6,67.8,157,at-risk,2025-03-27
INV003521,6,89.0,183,at-risk,2025-05-18
INV003524,7,64.17,203,at-risk,2025-03-09
INV003526,6,88.2,224,at-risk,2025-04-15
INV003528,9,58.62,186,at-risk,2025-05-06
INV003530,6,51.0,101,at-risk,2025-05-26
INV003531,6,76.4,185,at-risk,2025-02-02
INV003534,8,52.71,160,at-risk,2025-04-03
INV003545,6,90.0,210,at-risk,2025-04-21
INV003556,6,77.6,129,at-risk,2025-05-12
INV003557,6,66.4,156,at-risk,2025-03-01
INV003558,7,39.17,66,at-risk,2024-10-31
INV003559,10,48.33,118,at-risk,2025-04-04
INV003562,7,80.5,165,at-risk,2025-05-28
INV003564,8,71.0,292,at-risk,2025-05-17
INV003580,7,72.17,227,at-risk,2025-04-17
INV003581,8,51.29,95,at-risk,2025-05-28
INV003582,7,49.33,167,at-risk,2025-04-09
INV003586,8,54.29,113,at-risk,2025-05-05
INV003592,6,75.6,202,at-risk,2025-02-18
INV003593,6,78.2,166,at-risk,2025-03-09
INV003598,8,68.0,114,at-risk,2025-05-05
INV003599,6,50.0,100,at-risk,2024-09-30
INV003601,9,45.25,118,at-risk,2025-05-15
INV003604,6,90.2,188,at-risk,2025-04-10
INV003607,6,70.4,253,at-risk,2025-05-02
INV003611,7,68.83,228,at-risk,2025-05-19
INV003613,8,67.43,283,at-risk,2025-05-14
INV003619,6,72.0,113,at-risk,2025-05-09
INV003625,6,62.4,168,at-risk,2025-03-27
INV003627,7,59.17,152,at-risk,2025-05-15
INV003630,7,52.0,96,at-risk,2025-02-20
INV003633,6,78.8,119,at-risk,2025-04-24
INV003634,6,47.8,83,at-risk,2024-10-11
INV003635,10,47.11,95,at-risk,2025-03-27
INV003641,8,67.0,219,at-risk,2025-04-18
INV003642,7,53.17,217,at-risk,2024-12-08
INV003645,6,95.2,257,at-risk,2025-05-19
INV003649,6,96.8,195,at-risk,2025-05-20
INV003650,11,33.9,86,active,2025-01-28
INV003654,7,60.5,124,at-risk,2025-05-27
INV003655,10,49.78,198,at-risk,2025-05-06
INV003658,8,70.71,143,at-risk,2025-05-11
INV003660,6,79.0,164,at-risk,2025-03-17
INV003669,7,53.5,98,at-risk,2025-04-11
INV003670,8,70.86,160,at-risk,2025-05-11
INV003672,6,77.2,180,at-risk,2025-03-16
INV003673,8,68.86,160,at-risk,2025-05-12
INV003678,6,32.8,45,active,2025-04-28
INV003681,9,51.0,101,at-risk,2025-04-22
INV003683,6,92.4,165,at-risk,2025-04-17
INV003684,6,98.2,229,at-risk,2025-05-30
INV003685,6,80.2,132,at-risk,2025-05-25
INV003686,6,96.6,328,at-risk,2025-05-23
INV003693,7,71.33,234,at-risk,2025-03-20
INV003695,7,51.67,157,at-risk,2025-05-19
INV003696,6,75.8,190,at-risk,2025-04-28
INV003697,7,76.67,163,at-risk,2025-05-18
INV003702,7,72.67,118,at-risk,2025-03-24
INV003705,6,78.8,152,at-risk,2025-02-01
INV003707,6,68.6,152,at-risk,2024-12-12
INV003708,7,60.5,104,at-risk,2025-04-25
INV003709,6,80.2,181,at-risk,2025-05-28
INV003710,6,78.6,118,at-risk,2025-02-27
INV003711,6,72.2,145,at-risk,2025-01-23
INV003712,6,79.6,163,at-risk,2025-05-10
INV003713,7,81.5,161,at-risk,2025-05-11
INV003718,6,91.4,284,at-risk,2025-05-22
INV003720,6,74.6,116,at-risk,2025-03-17
INV003722,7,50.67,135,at-risk,2025-03-21
INV003723,6,61.8,124,at-risk,2024-12-28
INV003724,7,68.0,169,at-risk,2025-03-13
INV003733,6,88.8,174,at-risk,2025-03-31
INV003734,8,59.0,290,at-risk,2025-04-07
INV003735,8,45.86,104,at-risk,2025-02-13
INV003736,7,77.17,120,at-risk,2025-04-18
INV003738,6,50.6,117,at-risk,2025-05-05
INV003740,7,51.83,172,at-risk,2025-02-10
INV003741,7,67.67,159,at-risk,2025-02-27
INV003744,6,86.8,187,at-risk,2025-05-21
INV003745,6,70.2,183,at-risk,2025-03-24
INV003748,8,56.14,182,at-risk,2025-03-04
INV003757,7,81.83,156,at-risk,2025-05-22
INV003761,8,51.86,150,at-risk,2025-03-31
INV003766,8,65.29,192,at-risk,2025-05-23
INV003767,9,47.5,125,at-risk,2025-02-02
INV003771,10,50.78,130,at-risk,2025-04-13
INV003772,9,34.5,72,active,2024-12-20
INV003775,6,74.0,151,at-risk,2025-05-03
INV003779,6,76.4,160,at-risk,2025-04-16
INV003780,8,57.43,135,at-risk,2025-03-09
INV003781,7,64.83,199,at-risk,2025-03-02
INV003785,6,74.2,160,at-risk,2025-04-17
INV003787,9,63.25,178,at-risk,2025-05-29
INV003793,7,72.33,203,at-risk,2025-04-12
INV003795,7,67.67,122,at-risk,2025-02-14
INV003811,7,78.67,141,at-risk,2025-04-30
INV003812,7,50.83,174,at-risk,2025-05-03
INV003813,6,82.2,122,at-risk,2025-03-16
INV003815,7,72.5,217,at-risk,2025-04-17
INV003824,7,71.5,196,at-risk,2025-05-17
INV003825,6,81.2,99,at-risk,2025-05-02
INV003828,7,30.67,109,active,2024-08-27
INV003829,10,48.56,159,at-risk,2025-04-24
INV003830,6,71.4,115,at-risk,2025-01-15
INV003844,7,68.5,197,at-risk,2025-04-21
INV003847,8,50.0,66,at-risk,2025-05-16
INV003849,6,77.2,146,at-risk,2025-04-08
INV003851,7,57.83,121,at-risk,2025-05-15
INV003860,6,46.0,72,at-risk,2025-05-11
INV003862,7,60.17,184,at-risk,2025-02-20
INV003865,7,85.17,235,at-risk,2025-05-27
INV003868,6,87.6,264,at-risk,2025-05-09
INV003872,9,45.38,85,at-risk,2025-05-13
INV003876,6,77.6,160,at-risk,2025-03-31
INV003880,8,68.57,193,at-risk,2025-05-28
INV003885,6,71.6,281,at-risk,2025-05-30
INV003892,10,55.22,114,at-risk,2025-05-13
INV003896,6,82.0,255,at-risk,2025-03-28
INV003897,6,71.6,144,at-risk,2025-04-02
INV003903,8,50.29,130,at-risk,2025-01-24
INV003905,7,62.5,103,at-risk,2025-05-08
INV003906,10,55.11,115,at-risk,2025-05-23
INV003912,6,68.6,195,at-risk,2024-12-23
INV003913,8,61.43,136,at-risk,2025-04-14
INV003916,6,67.2,114,at-risk,2025-02-07
INV003920,8,66.86,132,at-risk,2025-04-29
INV003936,6,89.6,227,at-risk,2025-04-13
INV003938,7,52.5,110,at-risk,2024-12-21
INV003940,7,70.67,151,at-risk,2025-03-20
INV003943,9,42.5,88,at-risk,2025-03-28
INV003945,7,56.33,175,at-risk,2025-01-04
INV003946,7,69.17,147,at-risk,2025-03-04
INV003948,7,43.67,101,at-risk,2025-05-03
INV003952,7,54.67,95,at-risk,2025-03-14
INV003958,6,85.6,133,at-risk,2025-04-10
INV003962,8,68.71,302,at-risk,2025-05-16
INV003964,10,51.22,130,at-risk,2025-04-15
INV003968,6,92.4,209,at-risk,2025-05-07
INV003972,6,84.2,224,at-risk,2025-04-30
INV003975,8,50.14,125,at-risk,2025-04-27
INV003978,8,68.14,209,at-risk,2025-04-29
INV003979,8,56.0,123,at-risk,2025-03-27
INV003981,7,67.67,237,at-risk,2025-05-12
INV003985,6,93.0,191,at-risk,2025-04-28
INV003996,6,95.2,244,at-risk,2025-05-15
INV004001,8,40.29,123,at-risk,2025-03-19
INV004004,10,40.78,88,at-risk,2025-05-20
INV004005,7,73.67,314,at-risk,2025-05-25
INV004007,7,38.83,102,at-risk,2024-09-12
INV004009,8,62.29,87,at-risk,2025-04-28
INV004014,9,61.88,182,at-risk,2025-05-23
INV004015,6,88.0,190,at-risk,2025-04-15
INV004017,7,40.5,85,at-risk,2024-11-30
INV004023,10,52.0,93,at-risk,2025-05-25
INV004037,6,74.6,137,at-risk,2025-05-18
INV004038,7,71.67,207,at-risk,2025-05-11
INV004049,6,48.2,83,at-risk,2025-04-03
INV004063,8,56.57,167,at-risk,2025-05-14
INV004066,7,75.17,319,at-risk,2025-04-10
INV004069,6,74.0,196,at-risk,2025-01-20
INV004070,7,67.67,170,at-risk,2025-03-18
INV004079,7,71.33,164,at-risk,2025-03-24
INV004085,7,68.33,260,at-risk,2025-05-22
INV004091,6,73.6,240,at-risk,2025-03-27
INV004094,6,55.8,167,at-risk,2025-05-29
INV004098,6,58.2,87,at-risk,2025-04-10
INV004099,6,58.8,174,at-risk,2025-01-20
INV004106,6,55.8,151,at-risk,2024-11-29
INV004112,6,55.2,112,at-risk,2024-10-30
INV004116,10,54.89,117,at-risk,2025-05-26
INV004118,6,64.6,161,at-risk,2025-05-02
INV004119,6,73.2,237,at-risk,2025-03-30
INV004123,6,85.0,138,at-risk,2025-05-13
INV004124,6,63.8,193,at-risk,2025-04-24
INV004125,9,61.62,142,at-risk,2025-05-10
INV004127,6,87.6,190,at-risk,2025-03-15
INV004128,6,67.2,156,at-risk,2025-01-03
INV004134,6,35.4,54,at-risk,2024-07-01
INV004135,10,50.11,164,at-risk,2025-04-06
INV004143,6,97.0,280,at-risk,2025-05-21
INV004145,6,66.2,144,at-risk,2025-01-09
INV004146,6,88.2,253,at-risk,2025-04-28
INV004147,6,72.2,136,at-risk,2025-05-28
INV004149,6,50.2,130,at-risk,2025-01-18
INV004151,8,63.14,197,at-risk,2025-05-09
INV004153,8,60.0,125,at-risk,2025-05-29
INV004154,12,46.73,90,at-risk,2025-05-29
INV004172,8,63.0,196,at-risk,2025-03-26
INV004174,6,86.6,195,at-risk,2025-03-09
INV004175,8,67.86,133,at-risk,2025-05-11
INV004177,8,45.43,117,at-risk,2024-12-29
INV004179,6,71.2,129,at-risk,2025-04-05
INV004181,6,93.4,245,at-risk,2025-05-17
INV004191,7,77.17,310,at-risk,2025-05-04
INV004196,7,78.33,219,at-risk,2025-05-13
INV004199,6,58.2,138,at-risk,2025-02-01
INV004202,9,47.62,114,at-risk,2025-04-15
INV004203,8,66.57,113,at-risk,2025-05-02
INV004208,6,73.4,156,at-risk,2025-05-03
INV004212,7,69.33,169,at-risk,2025-05-19
INV004216,7,82.0,195,at-risk,2025-05-27
INV004228,7,72.33,112,at-risk,2025-05-08
INV004232,6,71.4,232,at-risk,2025-01-14
INV004239,8,61.14,130,at-risk,2025-04-29
INV004241,10,53.67,117,at-risk,2025-05-28
INV004243,8,55.71,131,at-risk,2025-03-08
INV004246,7,34.17,64,active,2024-09-10
INV004247,6,87.2,274,at-risk,2025-05-27
INV004248,7,42.67,93,at-risk,2024-11-07
INV004258,7,49.67,105,at-risk,2025-01-22
INV004266,7,61.83,101,at-risk,2025-01-15
INV004267,7,53.33,109,at-risk,2025-05-12
INV004270,7,69.67,204,at-risk,2025-05-20
INV004271,6,79.8,157,at-risk,2025-03-22
INV004279,8,50.29,116,at-risk,2025-02-12
INV004281,8,41.71,93,at-risk,2024-11-04
INV004282,8,52.86,105,at-risk,2025-04-20
INV004285,7,76.17,169,at-risk,2025-04-18
INV004288,7,72.83,223,at-risk,2025-04-06
INV004289,11,45.9,201,at-risk,2025-05-17
INV004293,6,81.8,142,at-risk,2025-03-22
INV004295,9,44.75,119,at-risk,2025-01-29
INV004296,6,102.2,304,at-risk,2025-05-27
INV004297,9,41.88,82,at-risk,2025-05-20
INV004299,8,64.14,175,at-risk,2025-05-23
INV004306,7,57.0,118,at-risk,2025-04-05
INV004308,7,84.67,244,at-risk,2025-05-23
INV004314,6,83.0,195,at-risk,2025-04-10
INV004319,9,60.5,275,at-risk,2025-05-13
INV004321,9,42.0,84,at-risk,2024-12-05
INV004324,7,77.67,173,at-risk,2025-05-18
INV004326,10,40.11,78,at-risk,2025-04-18
INV004332,8,64.71,149,at-risk,2025-05-19
INV004335,8,64.43,104,at-risk,2025-05-06
INV004338,10,48.89,209,at-risk,2025-04-20
INV004340,6,67.8,252,at-risk,2025-02-10
INV004343,6,63.0,190,at-risk,2025-04-26
INV004348,6,52.2,120,at-risk,2025-05-12
INV004349,7,72.5,159,at-risk,2025-04-30
INV004356,6,30.8,81,active,2025-03-28
INV004357,8,72.43,305,at-risk,2025-05-24
INV004358,8,45.86,87,at-risk,2024-12-31
INV004361,8,61.57,124,at-risk,2025-04-05
INV004364,6,80.6,173,at-risk,2025-03-19
INV004367,6,81.6,194,at-risk,2025-05-23
INV004372,6,59.2,155,at-risk,2025-02-02
INV004391,6,57.0,96,at-risk,2024-10-14
INV004392,6,90.4,200,at-risk,2025-04-26
INV004400,8,46.57,104,at-risk,2025-01-29
INV004401,8,69.86,216,at-risk,2025-05-15
INV004403,6,73.6,150,at-risk,2025-02-14
INV004410,11,40.9,138,at-risk,2025-04-15
INV004411,6,61.0,111,at-risk,2024-12-04
INV004412,7,82.33,173,at-risk,2025-05-14
INV004413,8,69.0,142,at-risk,2025-05-26
INV004414,8,53.86,176,at-risk,2025-01-13
INV004421,6,90.8,221,at-risk,2025-04-15
INV004427,11,50.8,125,at-risk,2025-05-29
INV004434,6,84.6,156,at-risk,2025-05-27
INV004446,6,65.8,170,at-risk,2025-04-11
INV004447,7,49.83,129,at-risk,2024-12-13
INV004450,6,61.6,153,at-risk,2024-11-11
INV004451,6,84.0,137,at-risk,2025-05-24
INV004452,7,81.0,180,at-risk,2025-05-05
INV004454,6,98.4,311,at-risk,2025-05-30
INV004455,6,50.0,105,at-risk,2025-04-21
INV004457,6,81.4,188,at-risk,2025-03-11
INV004459,7,53.83,141,at-risk,2025-02-01
INV004460,9,42.5,93,at-risk,2024-12-28
INV004463,6,94.8,211,at-risk,2025-05-06
INV004464,7,62.5,142,at-risk,2025-03-02
INV004468,7,76.83,154,at-risk,2025-05-17
INV004472,7,50.67,156,at-risk,2025-05-18
INV004473,7,73.33,152,at-risk,2025-04-05
INV004475,7,67.83,87,at-risk,2025-05-17
INV004477,8,58.71,180,at-risk,2025-05-22
INV004484,6,61.6,182,at-risk,2025-02-21
INV004502,7,74.5,165,at-risk,2025-03-24
INV004504,8,55.14,247,at-risk,2025-03-13
INV004511,6,37.2,89,at-risk,2025-04-08
INV004517,6,86.6,185,at-risk,2025-04-11
INV004521,7,54.5,76,at-risk,2025-04-02
INV004523,6,87.2,127,at-risk,2025-05-07
INV004528,7,54.0,149,at-risk,2025-05-21
INV004531,8,60.0,159,at-risk,2025-04-22
INV004533,7,55.0,118,at-risk,2025-04-21
INV004542,7,34.0,59,active,2024-09-05
INV004547,7,67.5,165,at-risk,2025-05-14
INV004555,8,53.14,151,at-risk,2025-05-03
INV004560,9,48.38,107,at-risk,2025-03-19
INV004562,6,83.8,158,at-risk,2025-02-25
INV004563,7,64.83,211,at-risk,2025-05-17
INV004574,8,54.57,116,at-risk,2025-04-09
INV004576,6,63.0,132,at-risk,2025-03-08
INV004579,8,43.86,77,at-risk,2025-01-25
INV004581,8,72.14,234,at-risk,2025-05-22
INV004589,6,71.4,225,at-risk,2025-01-19
INV004594,8,59.14,122,at-risk,2025-04-26
INV004598,6,84.2,195,at-risk,2025-04-01
INV004602,9,59.62,242,at-risk,2025-04-25
INV004607,8,56.0,214,at-risk,2025-04-02
INV004608,8,55.0,96,at-risk,2025-02-23
INV004611,7,51.17,217,at-risk,2024-12-14
INV004614,6,79.6,117,at-risk,2025-04-11
INV004617,9,39.25,83,at-risk,2024-12-12
INV004621,9,54.25,203,at-risk,2025-03-22
INV004625,6,96.4,246,at-risk,2025-05-30
INV004629,8,64.57,175,at-risk,2025-04-15
INV004630,9,50.62,95,at-risk,2025-02-25
INV004631,8,64.71,109,at-risk,2025-05-08
INV004633,7,78.17,189,at-risk,2025-05-13
INV004635,7,58.67,142,at-risk,2025-02-22
INV004636,6,75.6,160,at-risk,2025-03-10
INV004638,7,54.33,110,at-risk,2025-03-15
INV004640,7,68.33,202,at-risk,2025-05-10
INV004641,6,67.8,105,at-risk,2025-01-17
INV004642,6,54.8,232,at-risk,2024-11-23
INV004643,6,50.6,101,at-risk,2024-10-19
INV004646,7,64.5,158,at-risk,2025-04-25
INV004647,7,70.67,138,at-risk,2025-03-22
INV004650,6,80.8,143,at-risk,2025-03-16
INV004661,8,69.71,181,at-risk,2025-05-23
INV004665,6,83.4,137,at-risk,2025-04-21
INV004672,7,72.0,127,at-risk,2025-03-28
INV004680,7,47.17,155,at-risk,2025-04-16
INV004682,9,42.25,105,at-risk,2024-12-07
INV004688,6,77.6,181,at-risk,2025-02-12
INV004692,6,83.6,190,at-risk,2025-03-15
INV004701,7,20.0,82,active,2024-05-30
INV004704,6,93.8,141,at-risk,2025-04-30
INV004712,8,48.57,84,at-risk,2025-02-21
INV004715,7,56.83,169,at-risk,2025-05-29
INV004716,7,74.0,197,at-risk,2025-05-28
INV004737,10,54.56,120,at-risk,2025-05-25
INV004738,6,93.2,148,at-risk,2025-05-05
INV004741,7,72.33,157,at-risk,2025-04-07
INV004753,6,61.4,87,at-risk,2025-05-04
INV004755,7,61.17,181,at-risk,2025-04-21
INV004761,6,71.4,139,at-risk,2025-01-04
INV004763,7,83.5,184,at-risk,2025-05-25
INV004764,6,83.0,144,at-risk,2025-05-02
INV004770,8,72.86,146,at-risk,2025-05-28
INV004776,9,57.38,145,at-risk,2025-05-15
INV004780,7,69.5,154,at-risk,2025-04-13
INV004785,7,66.17,248,at-risk,2025-04-03
INV004787,7,72.33,140,at-risk,2025-05-27
INV004798,7,53.67,106,at-risk,2024-12-12
INV004804,6,79.2,137,at-risk,2025-05-12
INV004805,7,44.67,92,at-risk,2025-03-30
INV004807,8,36.86,86,at-risk,2025-05-04
INV004813,6,62.0,253,at-risk,2024-12-06
INV004819,7,62.0,120,at-risk,2025-03-16
INV004825,7,70.0,141,at-risk,2025-05-05
INV004833,6,65.4,171,at-risk,2025-04-19
INV004834,9,38.62,106,at-risk,2024-12-10
INV004840,7,41.0,103,at-risk,2025-01-23
INV004843,8,50.86,153,at-risk,2025-03-29
INV004844,7,66.67,118,at-risk,2025-05-29
INV004845,6,81.8,197,at-risk,2025-03-09
INV004847,7,73.5,281,at-risk,2025-04-12
INV004848,9,54.12,166,at-risk,2025-03-25
INV004860,6,78.4,189,at-risk,2025-03-31
INV004863,7,68.0,220,at-risk,2025-04-30
INV004864,8,43.29,114,at-risk,2025-01-02
INV004865,7,76.33,143,at-risk,2025-05-23
INV004868,8,56.0,226,at-risk,2025-05-10
INV004871,8,69.14,170,at-risk,2025-05-08
INV004877,7,80.5,276,at-risk,2025-05-11
INV004889,7,70.67,159,at-risk,2025-03-27
INV004891,8,55.86,128,at-risk,2025-03-05
INV004896,6,79.4,252,at-risk,2025-03-16
INV004901,6,54.6,96,at-risk,2025-03-18
INV004911,7,63.67,97,at-risk,2025-02-05
INV004913,6,87.0,156,at-risk,2025-05-21
INV004916,7,75.5,162,at-risk,2025-04-13
INV004917,7,51.0,77,at-risk,2025-04-16
INV004924,9,59.75,116,at-risk,2025-05-02
INV004925,7,70.83,105,at-risk,2025-03-30
INV004926,8,66.29,133,at-risk,2025-05-30
INV004927,7,34.17,63,active,2024-09-17
INV004947,6,45.0,75,at-risk,2024-09-14
INV004953,7,67.17,138,at-risk,2025-03-24
INV004956,8,59.14,155,at-risk,2025-04-06
INV004958,7,73.17,135,at-risk,2025-03-24
INV004959,6,68.6,193,at-risk,2025-01-01
INV004967,6,63.2,112,at-risk,2025-02-05
INV004973,9,55.0,99,at-risk,2025-04-29
INV004974,8,52.43,102,at-risk,2025-04-14
INV004978,7,63.83,157,at-risk,2025-04-18
INV004981,8,49.14,115,at-risk,2024-12-14
INV004983,7,57.67,128,at-risk,2024-12-27
INV004984,7,75.33,177,at-risk,2025-04-27
INV004986,7,81.33,185,at-risk,2025-05-29
INV004992,7,81.5,176,at-risk,2025-05-08
INV004996,10,46.33,104,at-risk,2025-04-25
INV004997,7,71.0,248,at-risk,2025-04-28
